Workbook

Sheet Inputs
A1: Etogo Pricing Calculator (CPI-Embedded)
A2: Blue cells are editable inputs. Yellow shading indicates assumptions to review.
A4: A. Property & Package Inputs
A5: Property Type (Residential / Commercial / Mixed-Use) | B5: Residential | C5: Enter exactly one of: Residential, Commercial, Mixed-Use
A6: Service Package (Essentials / Premium / White-Glove) | B6: Essentials | C6: Enter exactly one of: Essentials, Premium, White-Glove
A7: Residential Unit Count (if applicable) | B7: 10 | C7: Used for residential size factor tiers
A8: Commercial Area (SqFt, if applicable) | B8: 5000 | C8: Used for commercial size factor calculation
A9: Mixed-Use Commercial Weight (0–100%) | B9: 0.5 | C9: Only used if Property Type = Mixed-Use
A11: B. Base Service Pricing (Editable Assumptions)
A12: Package | B12: Residential Base ($/mo) | C12: Commercial Base ($/mo)
A13: Essentials | B13: 350 | C13: 650
A14: Premium | B14: 650 | C14: 1200
A15: White-Glove | B15: 1100 | C15: 2000
A16: Replace the base prices above with Etogo’s current price book for each package and property type.
A18: C. Size / Scale Assumptions (Editable)
A19: Residential Unit Tiers (VLOOKUP uses Min Units)
A20: Min Units | B20: Residential Size Factor | C20: Notes
A21: 1 | B21: 1 | C21: 1–5 units
A22: 6 | B22: 1.25 | C22: 6–20 units
A23: 21 | B23: 1.5 | C23: 21–50 units
A24: 51 | B24: 1.75 | C24: 51+ units
A26: Commercial Size Factor Base (SqFt per 1.0x) | B26: 10000 | C26: SizeFactor = MAX(1, SqFt / this value)
A27: Commercial Size Factor Minimum | B27: 1 | C27: Prevents factor < 1.0 for small spaces
A28: Commercial Size Factor Cap (optional; blank = no cap) | C28: If set, SizeFactor = MIN(calculated, cap)

Sheet CPI_Scoring
A1: CPI_Scoring (Condition, Pressure, Materials, Age, Access, Accessibility, Complexity)
A2: Enter selections in blue cells. Scores and CPI outputs are calculated automatically.
A4: Domain 1 — System Design & Pressure
A5: Factor | B5: Input (Blue) | C5: Score | D5: Notes
A6: Unit-level water shut-offs present? (Yes/No) | B6: Yes | C6: =IF(B6="Yes",0,3) -> 0 | D6: If No, cascade risk across units.
A7: Shared risers impacting multiple units? (Yes/No) | B7: No | C7: =IF(B7="Yes",2,0) -> 0 | D7: Vertical dependency elevates severity.
A8: Static water pressure (PSI) | B8: 65 | C8: =IF(B8>80,2,0) -> 0 | D8: Score +2 if >80 PSI.
A9: Isolation zones present? (Yes/No) | B9: Yes | C9: =IF(B9="Yes",0,2) -> 0 | D9: If No, harder containment.
A11: Domain 2 — Material Risk (Supply Lines)
A12: Factor | B12: Input (Blue) | C12: Score | D12: Notes
A13: Primary supply-line material (select from Lookups list) | B13: Copper | C13: =IFERROR(VLOOKUP(B13,Lookups!A14:B19,2,FALSE),2) -> 0 | D13: Poly-B automatically drives high CPI.
A14: Drain/Waste material unknown? (Yes/No) | B14: No | C14: =IF(B14="Yes",1,0) -> 0 | D14: Optional +1 uncertainty modifier for drains/waste.
A17: Domain 3 — Age & Lifecycle (Use higher of Building vs System)
A18: Factor | B18: Input (Blue) | C18: Score | D18: Notes
A19: Building age (years) | B19: 15 | C19: =IF(B19="",0,IF(B19<=10,0,IF(B19<=25,1,IF(B19<=40,2,IF(B19<=60,3,4))))) -> 1 | D19: Score bracketed by age.
A20: Fixture/system age (years) | B20: 8 | C20: =IF(B20="",0,IF(B20<=10,0,IF(B20<=25,1,IF(B20<=40,2,IF(B20<=60,3,4))))) -> 0 | D20: Valves, heaters, pumps, key fixtures.
A21: Systems documented? (Yes/No) | B21: Yes | C21: =IF(B21="Yes",0,1) -> 0 | D21: +1 if No (uncertainty modifier).
A22: Age Score (harmonised) | C22: =IF(C19>=C20,C19,C20)+C21 -> 1 | D22: Higher of building vs fixtures, plus documentation modifier.
A24: Domain 4 — Access & Containment
A25: Factor | B25: Input (Blue) | C25: Score | D25: Notes
A26: Containment category (use Lookups list) | B26: Accessible isolation | C26: =IFERROR(VLOOKUP(B26,Lookups!D14:E17,2,FALSE),2) -> 0 | D26: How quickly damage can be isolated.
A28: Domain 5 — Accessibility & Safety (MAX of sub-scores; capped at 4)
A29: Factor | B29: Input (Blue) | C29: Score | D29: Notes
A30: Crawl/Confined access category (Lookups list) | B30: No crawl / full basement | C30: =IFERROR(VLOOKUP(B30,Lookups!A23:B27,2,FALSE),0) -> 0
A31: Roof access category (Lookups list) | B31: Flat/low pitch (<4:12) safe access | C31: =IFERROR(VLOOKUP(B31,Lookups!D28:E31,2,FALSE),0) -> 0
A32: Equipment requirement (Lookups list) | B32: Standard ladder only | C32: =IFERROR(VLOOKUP(B32,Lookups!A31:B34,2,FALSE),0) -> 0
A33: Time to access critical systems (minutes) | B33: 10 | C33: =IF(B33<=10,0,IF(B33<=30,1,IF(B33<=60,2,3))) -> 0
A34: Accessibility Score (capped) | C34: =MIN(MAX(C30,C31,C32,C33),4) -> 0 | D34: Takes the worst-case access risk and caps at 4.
A36: Domain 6 — Operational Complexity
A37: Factor | B37: Input (Blue) | C37: Score | D37: Notes
A38: Complexity category (Lookups list) | B38: Low density / simple | C38: =IFERROR(VLOOKUP(B38,Lookups!D21:E24,2,FALSE),1) -> 0 | D38: Tenant density, mixed-use, business interruption exposure.
A41: CPI Outputs
A42: CPI Total Score | B42: Calculated | C42: =SUM(C6:C9,C13:C14,C22,C26,C34,C38) -> 1
A43: CPI Band | C43: =IF(C42<=2,"CPI-0",IF(C42<=5,"CPI-1",IF(C42<=8,"CPI-2",IF(C42<=11,"CPI-3","CPI-4")))) -> CPI-0
A44: CPI Multiplier | C44: =VLOOKUP(C43,Lookups!A6:B10,2,FALSE) -> 1
A46: Note: CPI is embedded in the final monthly price (clients see a single monthly figure).

Sheet Calculator
A1: Calculator — Final Etogo Monthly Cost
A2: This sheet pulls from Inputs and CPI_Scoring to produce the client-facing monthly price.
A4: 1) Linked Inputs
A5: Property Type | B5: =Inputs!B5 -> Residential
A6: Service Package | B6: =Inputs!B6 -> Essentials
A7: Residential Units | B7: =Inputs!B7 -> 10
A8: Commercial SqFt | B8: =Inputs!B8 -> 5000
A9: Mixed-Use Weight | B9: =Inputs!B9 -> 0.5
A10: CPI Total Score | B10: =CPI_Scoring!C42 -> 1
A11: CPI Band | B11: =CPI_Scoring!C43 -> CPI-0
A12: CPI Multiplier | B12: =CPI_Scoring!C44 -> 1
A14: 2) Cost Build-Up (Formulas)
A15: Base Service Cost ($/mo) | B15: =IF(B5="Residential",VLOOKUP(B6,Inputs!A13:C15,2,FALSE),IF(B5="Commercial",VLOOKUP(B6,Inputs!A13:C15,3,FALSE),(1-Inputs!B9)*VLOOKUP(B6,Inputs!A13:C15,2,FALSE)+Inputs!B9*VLOOKUP(B6,Inputs!A13:C15,3,FALSE))) -> 350
A16: Residential Size Factor | B16: =IF(B7="",1,IF(B7<=5,Inputs!B21,IF(B7<=20,Inputs!B22,IF(B7<=50,Inputs!B23,Inputs!B24)))) -> 1.25
A17: Commercial Size Factor | B17: =IF(Inputs!B28="",IF(IF(B8="",Inputs!B27,B8/Inputs!B26)<Inputs!B27,Inputs!B27,IF(B8="",Inputs!B27,B8/Inputs!B26)),IF(IF(IF(B8="",Inputs!B27,B8/Inputs!B26)<Inputs!B27,Inputs!B27,IF(B8="",Inputs!B27,B8/Inputs!B26))>Inputs!B28,Inputs!B28,IF(IF(B8="",Inputs!B27,B8/Inputs!B26)<Inputs!B27,Inputs!B27,IF(B8="",Inputs!B27,B8/Inputs!B26)))) -> 1
A18: Harmonised Size Factor | B18: =IF(B5="Residential",B16,IF(B5="Commercial",B17,(1-Inputs!B9)*B16+Inputs!B9*B17)) -> 1.25
A20: 3) Client-Facing Price
A21: Final Monthly Etogo Cost | B21: =B15*B18*B12 -> 437.5
A22: Final Annual Etogo Cost | B22: =B21*12 -> 5250
A24: Optional: Use CPI_Scoring to simulate reductions (e.g., add shut-offs, regulate pressure, upgrade Poly-B) and observe price impact.

Sheet Lookups
A1: Lookup Tables (Used by CPI_Scoring and Calculator)
A2: Do not edit table labels; you may adjust scores/multipliers if Etogo policy changes.
A4: CPI Multipliers | D4: Age Brackets (Years)
A5: CPI Band | B5: Multiplier | D5: Min Age | E5: Score
A6: CPI-0 | B6: 1 | D6: 0 | E6: 0
A7: CPI-1 | B7: 1.08 | D7: 11 | E7: 1
A8: CPI-2 | B8: 1.18 | D8: 26 | E8: 2
A9: CPI-3 | B9: 1.35 | D9: 41 | E9: 3
A10: CPI-4 | B10: 1.55 | D10: 61 | E10: 4
A12: Supply Line Material Scores | D12: Access & Containment
A13: Material | B13: Score | D13: Category | E13: Score
A14: Copper | B14: 0 | D14: Accessible isolation | E14: 0
A15: PEX | B15: 1 | D15: Partial isolation | E15: 1
A16: CPVC | B16: 2 | D16: Poor isolation | E16: 2
A17: Galvanized | B17: 3 | D17: No isolation | E17: 3
A18: Poly-B | B18: 4
A19: Mixed/Unknown | B19: 2 | D19: Operational Complexity
D20: Category | E20: Score
A21: Accessibility: Crawl / Confined | D21: Low density / simple | E21: 0
A22: Category | B22: Score | D22: Medium density | E22: 1
A23: No crawl / full basement | B23: 0 | D23: High density | E23: 2
A24: Crawl w/ clearance & lighting | B24: 1 | D24: Business-critical | E24: 3
A25: Low-clearance crawl (<3 ft) | B25: 2
A26: Damp / poorly ventilated crawl | B26: 3 | D26: Accessibility: Roof
A27: Hazardous crawl (mold/pests/structural) | B27: 4 | D27: Category | E27: Score
D28: Flat/low pitch (<4:12) safe access | E28: 0
A29: Accessibility: Equipment | D29: Moderate pitch (4:12–7:12) | E29: 1
A30: Requirement | B30: Score | D30: High pitch (>7:12) | E30: 2
A31: Standard ladder only | B31: 0 | D31: High pitch + brittle/specialty roofing | E31: 3
A32: Extended ladder / roof anchors | B32: 1
A33: Scissor lift required | B33: 2
A34: Boom lift / crane / confined-space protocol | B34: 3
